{"Train ROC-AUC": 0.9863100445143286, "Train F1": 0.9367442824569886, "Test ROC-AUC": 0.9956054793942265, "Test F1": 0.9644257296355452}